url,name,address,city,state,phone
https://gatewaydentalclinic.ca/,Results,"îƒˆ10213 101 St, Lac la Biche, AB T0A 2C0, Canada",AB T0A 2C0,Canada,î‚°+1 780-623-4226
https://www.bellerivedental.ca/?utm_source=GMB_Listing&utm_medium=organic&utm_campaign=Website_URL,Results,"îƒˆ8328 160 Ave NW, Edmonton, AB T5Z 3P1, Canada",AB T5Z 3P1,Canada,î‚°+1 587-410-7134
https://www.agapedental.ca/,Results,"îƒˆ2603 Hewes Way NW #103, Edmonton, AB T6L 6W6, Canada",AB T6L 6W6,Canada,î‚°+1 780-465-1211
https://boylevdm.wixsite.com/boyle,Results,"îƒˆ5407 Railway Ave, Boyle, AB T0A 0M0, Canada",AB T0A 0M0,Canada,î‚°+1 780-689-2425
https://www.aspiresmiles.ca/?utm_source=GMB_Listing&utm_medium=organic&utm_campaign=Website_URL,Results,"îƒˆ3810 Sherwood Dr #160, Sherwood Park, AB T8H 0Z9, Canada",AB T8H 0Z9,Canada,î‚°+1 780-570-0288
http://lakelanddentalclinic.ca/,Results,"îƒˆ4839 50 Ave, Vermilion, AB T9X 1T5, Canada",AB T9X 1T5,Canada,î‚°+1 780-853-4704
https://www.agfoods.com/flyer/,Results,"îƒˆ5127 4 St, Boyle, AB T0A 0M0, Canada",AB T0A 0M0,Canada,î‚°+1 780-404-2801
https://www.generaldental.ca/,Results,"îƒˆ8137 97 St NW, Edmonton, AB T6C 0Z9, Canada",AB T6C 0Z9,Canada,î‚°+1 780-213-9618
https://www.highlandsdentalcentre.com/?utm_source=GMB_Listing&utm_medium=organic&utm_campaign=Website_URL,Results,"îƒˆ8930 Jasper Ave #160, Edmonton, AB T5H 4E8, Canada",AB T5H 4E8,Canada,î‚°+1 780-801-3913
http://www.northcorridorco-op.crs/,Results,"îƒˆ5701 Railway Ave, Boyle, AB T0A 0M0, Canada",AB T0A 0M0,Canada,î‚°+1 780-689-4562
https://www.guardian-ida-remedysrx.ca/en/alberta/boyle/rx-drug-mart-boyle-7030011?utm_source=google&utm_medium=maps&utm_campaign=local_presence,Results,"îƒˆ5118 3 St, Boyle, AB T0A 0M0, Canada",AB T0A 0M0,Canada,î‚°+1 780-689-3762
